date,GMSL variation with respect to 20 year TOPEX/Jason Collinear mean reference,standard deviation of GSML,8 smoothed ,GMSL variation,standard deviation,smoothed 60 day,60 smoothed 
1993.011526,-37.24,92.66,-37.02,-37.24,92.66,-37.02,-37.52
1993.038692,-40.35,95.39,-38.2,-40.34,95.39,-38.19,-38.05
1993.065858,-40.17,92.29,-38.28,-40.16,92.29,-38.27,-37.61
1993.093025,-41.92,96.2,-38.56,-41.89,96.19,-38.54,-37.49
1993.120191,-36.89,94.64,-37.87,-36.85,94.63,-37.83,-36.48
1993.147357,-35.69,93.22,-36.96,-35.65,93.21,-36.93,-35.37
1993.174523,-36.09,91.67,-36.14,-36.05,91.67,-36.09,-34.35
1993.201689,-34.7,91.95,-35.53,-34.65,91.94,-35.48,-33.57
1993.228855,-34.04,91.7,-35.18,-33.98,91.68,-35.12,-33.02
1993.256021,-37.95,101.31,-35.09,-37.88,101.29,-35.02,-32.68
1993.283188,-36.48,89.84,-35.23,-36.41,89.83,-35.16,-32.53
1993.310354,-33.09,89.52,-35.6,-33,89.5,-35.51,-32.54
1993.33752,-35.11,88.88,-36.12,-35.01,88.86,-36.02,-32.7
1993.364686,-37.76,88.73,-36.52,-37.66,88.71,-36.42,-32.76
1993.391852,-39,89.03,-36.94,-38.9,89.01,-36.84,-32.91
1993.419018,-38.36,88.65,-36.8,-38.25,88.62,-36.69,-32.59
1993.446185,-35.35,89.34,-36.71,-35.22,89.32,-36.59,-32.48
1993.473351,-35.44,88.12,-36.43,-35.31,88.09,-36.3,-32.38
1993.500517,-36.07,86.35,-36.21,-35.93,86.33,-36.07,-32.55
1993.527683,-37.01,88.23,-35.94,-36.86,88.22,-35.79,-32.89
1993.554849,-29.54,93.85,-35.4,-29.4,93.84,-35.25,-33.17
1993.582015,-36.06,91.11,-34.5,-35.9,91.1,-34.34,-33.26
1993.609181,-35.26,91.93,-33.42,-35.1,91.92,-33.25,-33.28
1993.636348,-30.75,91.55,-32.39,-30.58,91.55,-32.22,-33.41
1993.663514,-29.66,90.96,-31.49,-29.48,90.97,-31.31,-33.64
1993.69068,-31.15,88.24,-30.72,-30.97,88.25,-30.53,-33.91
1993.717846,-32.31,88.86,-30.03,-32.11,88.87,-29.83,-34.09
1993.745012,-29,88.7,-29.26,-28.8,88.72,-29.06,-33.98
1993.772178,-25.4,89.65,-28.71,-25.19,89.68,-28.5,-33.82
1993.799345,-27.64,87.34,-28.58,-27.43,87.37,-28.36,-33.81
1993.826511,-28.1,95.53,-28.97,-27.87,95.54,-28.75,-34.05
1993.853677,-29.47,86.95,-29.62,-29.24,86.96,-29.39,-34.3
1993.880843,-30.73,87.47,-30.05,-30.49,87.47,-29.81,-34.12
1993.908009,-32.46,87.01,-30.1,-32.22,86.99,-29.85,-33.42
1993.935175,-31.16,86.11,-29.89,-30.9,86.1,-29.63,-32.38
1993.962341,-25.82,87.24,-29.68,-25.55,87.22,-29.41,-31.31
1993.989508,-28.26,87.23,-30.15,-27.99,87.21,-29.87,-30.97
1994.016674,-32.38,86.31,-30.3,-32.1,86.27,-30.02,-30.39
1994.04384,-30.01,84.71,-30.77,-29.73,84.67,-30.49,-30.24
1994.071006,-28.34,84.58,-31.66,-28.04,84.52,-31.37,-30.63
1994.098172,-33.86,84.57,-32.55,-33.56,84.5,-32.26,-31.14
1994.125338,-36.91,84.87,-33.15,-36.61,84.8,-32.84,-31.45
1994.152505,-35.24,86.7,-33.13,-34.93,86.62,-32.82,-31.22
1994.179671,-31.64,87.56,-32.42,-31.32,87.48,-32.1,-30.33
1994.206837,-33.69,92.56,-31.37,-33.36,92.48,-31.04,-29.1
1994.234003,-26.95,85.4,-30.66,-26.61,85.32,-30.32,-28.18
1994.261169,-30.46,85.5,-30.66,-30.12,85.42,-30.31,-27.92
1994.288335,-30.51,85.65,-31.51,-30.16,85.55,-31.16,-28.47
1994.315501,-31.66,85.03,-32.16,-31.3,84.93,-31.8,-28.77
1994.342668,-33.22,83.72,-33.16,-32.85,83.64,-32.79,-29.4
1994.369834,-34.93,85.08,-33.76,-34.56,85.01,-33.39,-29.67
1994.397,-37.32,86.06,-34.48,-36.94,85.98,-34.1,-30.13
1994.424166,-34.98,83.83,-34.62,-34.59,83.75,-34.23,-30.12
1994.451332,-32.17,84.37,-34.49,-31.77,84.3,-34.09,-30
1994.478498,-39.49,91.32,-34.19,-39.09,91.25,-33.79,-29.93
1994.505664,-36.85,84.3,-33.75,-36.45,84.25,-33.34,-29.92
1994.532831,-32.54,84.96,-33.17,-32.12,84.91,-32.75,-29.99
1994.559997,-32.18,88.49,-32.44,-31.76,88.46,-32.01,-30.11
1994.587163,-32.17,89.94,-31.57,-31.73,89.93,-31.13,-30.25
1994.614329,-31.94,90.72,-30.53,-31.5,90.71,-30.09,-30.34
1994.641495,-29.03,92.13,-29.3,-28.59,92.13,-28.86,-30.27
1994.668661,-27.86,93.08,-28.26,-27.4,93.11,-27.81,-30.35
1994.695828,-25.59,94.78,-27.14,-25.13,94.84,-26.67,-30.23
1994.722994,-26.04,97.25,-26.28,-25.57,97.3,-25.81,-30.21
1994.75016,-26.7,93.62,-25.6,-26.22,93.67,-25.13,-30.15
1994.777326,-24.76,93.36,-25.1,-24.27,93.41,-24.61,-29.98
1994.804492,-22.47,93.52,-24.88,-21.98,93.56,-24.38,-29.82
1994.831658,-24.1,95.26,-25.09,-23.6,95.29,-24.58,-29.82
1994.858824,-18.5,102.42,-25.65,-17.99,102.47,-25.14,-29.95
1994.885991,-27.23,96.85,-26.13,-26.71,96.87,-25.61,-29.79
1994.913157,-29.81,94.12,-26.13,-29.28,94.11,-25.61,-29.03
1994.940323,-25.26,91.65,-25.71,-24.73,91.65,-25.18,-27.77
1994.967489,-23.87,92.75,-25.19,-23.33,92.73,-24.65,-26.4
1994.994655,-23.13,95.08,-25.17,-22.58,95.04,-24.62,-25.57
1995.021821,-23.77,95.87,-25.29,-23.22,95.83,-24.74,-24.98
1995.048988,-27.13,91.73,-25.56,-26.57,91.66,-25,-24.65
1995.076154,-23.1,94.8,-26.38,-22.53,94.7,-25.81,-24.99
1995.10332,-27.96,91.78,-27.23,-27.38,91.66,-26.66,-25.49
1995.130486,-32.72,91.06,-27.84,-32.14,90.93,-27.26,-25.83
1995.157652,-27.8,90.43,-27.88,-27.2,90.35,-27.28,-25.65
1995.184818,-27.41,99.05,-27.96,-26.82,98.95,-27.36,-25.56
1995.211984,-23.62,92.56,-28.01,-23.02,92.43,-27.4,-25.42
1995.239151,-29.25,89.11,-28.33,-28.64,88.98,-27.72,-25.53
1995.266317,-30.43,88.41,-28.8,-29.8,88.28,-28.17,-25.72
1995.293483,-29.6,88.22,-29.23,-28.97,88.08,-28.6,-25.85
1995.320649,-28.66,86.46,-29.55,-28.02,86.34,-28.91,-25.81
1995.347815,-36.1,91.96,-29.88,-35.46,91.83,-29.23,-25.78
1995.374981,-31.73,84.2,-30.17,-31.07,84.07,-29.51,-25.74
1995.402148,-30.06,82.47,-30.37,-29.39,82.35,-29.7,-25.69
1995.429314,-28.53,85.21,-30.58,-27.85,85.13,-29.91,-25.79
1995.45648,-31.34,84.74,-30.88,-30.67,84.66,-30.2,-26.14
1995.483646,-32.59,84.96,-31.2,-31.92,84.86,-30.52,-26.72
1995.510812,-28.89,89.96,-31.13,-28.21,89.89,-30.44,-27.13
1995.537978,-31.69,84.09,-31.18,-30.99,84.03,-30.48,-27.87
1995.565144,-32.06,84.13,-30.55,-31.36,84.07,-29.84,-28.12
1995.592311,-31.47,83.17,-29.49,-30.75,83.11,-28.78,-28.11
1995.619477,-28.18,85.23,-27.76,-27.46,85.23,-27.04,-27.51
1995.646643,-26.91,84.2,-26.24,-26.2,84.22,-25.52,-27.15
1995.673809,-24.04,83.92,-24.53,-23.32,83.96,-23.81,-26.56
1995.700975,-22.74,85.53,-22.74,-22.01,85.6,-22,-25.74
1995.728141,-16.16,85.39,-22.06,-15.42,85.51,-21.32,-25.86
1995.755307,-20.91,86.48,-21.12,-20.15,86.57,-20.37,-25.47
1995.782474,-22.02,87.43,-21.19,-21.26,87.51,-20.43,-25.83
1995.80964,-28.02,92.14,-21.52,-27.26,92.19,-20.75,-26.17
1995.836806,-22.65,83.29,-21.8,-21.88,83.32,-21.02,-26.2
1995.863972,-22.52,83.6,-21.94,-21.73,83.65,-21.15,-25.85
1995.891138,-20.41,84.01,-22.06,-19.61,84.04,-21.26,-25.31
1995.918304,-44.64,83.34,-22.4,-43.69,83.1,-21.59,-24.86
1995.945471,-23.92,83.71,-23.44,-23.1,83.7,-22.63,-25.06
1995.972637,-19.17,81.41,-24.49,-18.35,81.4,-23.67,-25.26
1995.999803,-25.15,82.3,-25.63,-24.33,82.2,-24.8,-25.61
1996.026895,-28.74,83.02,-27.03,-27.92,82.89,-26.2,-26.32
1996.053987,-30.79,83.54,-28.08,-29.95,83.38,-27.24,-26.79
1996.081079,-32.36,84.58,-28.2,-31.51,84.38,-27.35,-26.46
1996.108171,-25.49,85.94,-28.45,-24.63,85.78,-27.6,-26.37
1996.135263,-29.14,90.76,-28.13,-28.29,90.57,-27.27,-25.8
1996.162355,-26.41,84.99,-27.96,-25.55,84.8,-27.09,-25.43
1996.189447,-29.4,86.1,-28.05,-28.52,85.9,-27.17,-25.34
1996.216539,-27.31,85.97,-28.31,-26.42,85.75,-27.42,-25.41
1996.243631,-27.83,87.63,-28.59,-26.94,87.38,-27.7,-25.47
1996.270723,-29.89,86.3,-28.64,-28.98,86.06,-27.73,-25.24
1996.297815,-31.31,83.67,-28.61,-30.4,83.41,-27.7,-24.89
1996.324907,-27.67,83.15,-28.49,-26.75,82.95,-27.57,-24.41
1996.351998,-26.77,85.37,-28.14,-25.84,85.18,-27.22,-23.72
1996.37909,-28.4,84.16,-27.86,-27.47,83.99,-26.93,-23.12
1996.406182,-26.8,83.91,-27.66,-25.86,83.77,-26.72,-22.68
1996.433274,-28.17,83.2,-27.48,-27.22,83.03,-26.54,-22.42
1996.460366,-32.69,88.73,-27.18,-31.74,88.53,-26.22,-22.18
1996.487458,-27.23,83.58,-26.64,-26.27,83.45,-25.68,-21.94
1996.51455,-27.71,82.09,-25.93,-26.74,82.03,-24.96,-21.73
1996.541642,-25.69,84.1,-25.17,-24.71,84.08,-24.2,-21.7
1996.568734,-21.53,85.22,-24.52,-20.56,85.25,-23.54,-21.95
1996.595826,-23.69,83.27,-24.11,-22.71,83.27,-23.13,-22.6
1996.622918,-24.54,83.64,-23.63,-23.55,83.68,-22.64,-23.26
1996.65001,-23.89,85.31,-23.25,-22.9,85.38,-22.25,-24.02
1996.677102,-25.33,86.06,-22.42,-24.33,86.13,-21.42,-24.29
1996.704194,-21.45,86.23,-21.22,-20.45,86.33,-20.21,-24.05
1996.731285,-17.14,88.82,-19.77,-16.11,88.97,-18.75,-23.37
1996.758377,-17.77,85.51,-18.23,-16.75,85.67,-17.21,-22.36
1996.785469,-24.52,89.99,-16.92,-23.51,90.07,-15.88,-21.3
1996.812561,-15.24,86.1,-16.28,-14.19,86.26,-15.24,-20.65
1996.839653,-12.31,86.48,-16.56,-11.26,86.67,-15.51,-20.65
1996.866745,-15.44,88.87,-17.61,-14.38,89,-16.54,-21.18
1996.893837,-21.77,86.42,-19.11,-20.7,86.47,-18.04,-22.01
1996.920929,-20.97,85.19,-20.79,-19.89,85.19,-19.72,-22.91
1996.948021,-20.44,84.35,-22.29,-19.36,84.32,-21.2,-23.55
1996.975113,-25.67,87.96,-23.84,-24.58,87.86,-22.75,-24.27
1997.002211,-27.14,88.11,-25,-26.04,88,-23.9,-24.64
1997.029377,-25.13,87.95,-25.83,-24.01,87.89,-24.73,-24.8
1997.056543,-27.97,88.82,-26.39,-26.86,88.71,-25.28,-24.79
1997.083709,-25.94,87.91,-26.81,-24.82,87.76,-25.69,-24.76
1997.110875,-31.97,92.82,-27.13,-30.86,92.6,-26,-24.74
1997.138042,-28.13,88.36,-27.29,-27.01,88.13,-26.16,-24.67
1997.165208,-27.75,89.28,-27.2,-26.61,89.08,-26.05,-24.37
1997.192374,-28.34,92.24,-26.89,-27.19,92.04,-25.74,-23.89
1997.21954,-25.72,89.17,-26.53,-24.55,88.91,-25.37,-23.34
1997.246706,-24.82,89.03,-26.42,-23.65,88.77,-25.24,-22.99
1997.273872,-24.11,88.51,-26.34,-22.93,88.26,-25.16,-22.63
1997.301038,-29.2,87.03,-26.36,-28,86.76,-25.17,-22.32
1997.328205,-27.84,86.77,-26.33,-26.64,86.58,-25.13,-21.93
1997.355371,-24.33,86.21,-26.12,-23.13,86.12,-24.91,-21.36
1997.382537,-27.46,88.63,-25.8,-26.25,88.51,-24.59,-20.74
1997.409703,-22.66,91.25,-25.54,-21.44,91.15,-24.33,-20.27
1997.436869,-28.33,98.73,-25.3,-27.14,98.58,-24.08,-19.96
1997.464035,-27.37,91.33,-24.95,-26.15,91.22,-23.73,-19.72
1997.491202,-25.31,94.16,-24.3,-24.09,94.1,-23.07,-19.38
1997.518368,-25.32,94.45,-23.34,-24.09,94.44,-22.11,-18.97
1997.545534,-19.28,96.38,-22.13,-18.05,96.44,-20.89,-18.51
1997.5727,-20.69,97.47,-20.59,-19.45,97.58,-19.35,-17.91
1997.599866,-24.15,104.39,-19.02,-22.9,104.43,-17.77,-17.41
1997.627032,-18.52,101.99,-17.4,-17.26,102.13,-16.14,-16.93
1997.654198,-16.09,105.46,-15.92,-14.82,105.66,-14.66,-16.61
1997.681365,-14.81,106.76,-14.64,-13.55,107.01,-13.37,-16.41
1997.708531,-12.64,109.89,-13.5,-11.37,110.13,-12.23,-16.21
1997.735697,-10.66,109.86,-12.54,-9.38,110.13,-11.25,-15.97
1997.762863,-6.63,116.26,-12.24,-5.33,116.53,-10.94,-16.15
1997.790029,-10.06,114.44,-11.8,-8.74,114.71,-10.49,-15.92
1997.817195,-12.69,113.85,-12.18,-11.37,114.1,-10.86,-16.24
1997.844362,-10.37,116.08,-12.97,-9.04,116.29,-11.64,-16.71
1997.871528,-14.1,118.64,-14.29,-12.77,118.77,-12.96,-17.5
1997.898694,-16.19,115.98,-15.43,-14.87,116.08,-14.1,-17.94
1997.92586,-14.31,118.95,-16.92,-12.96,119.02,-15.58,-18.62
1997.953026,-21.08,118.1,-18.43,-19.73,118.1,-17.08,-19.27
1997.980192,-19.61,114.11,-19.69,-18.24,114.1,-18.34,-19.71
1998.007358,-24.13,112.49,-20.61,-22.78,112.44,-19.25,-19.86
1998.034525,-19.97,107.01,-21.2,-18.6,107.01,-19.83,-19.78
1998.061691,-23.94,111.16,-21.58,-22.58,111.07,-20.2,-19.61
1998.088857,-21.89,109.19,-21.86,-20.5,109.08,-20.47,-19.47
1998.116023,-21.57,105.7,-22.07,-20.16,105.59,-20.66,-19.35
1998.143189,-22.96,103.76,-22.14,-21.55,103.61,-20.72,-19.19
1998.170355,-23.73,103.73,-22.07,-22.29,103.6,-20.65,-18.94
1998.197521,-20.53,100.63,-21.93,-19.09,100.51,-20.5,-18.62
1998.224688,-21.24,101.86,-21.89,-19.8,101.66,-20.45,-18.38
1998.251854,-22.3,98.92,-21.82,-20.84,98.76,-20.37,-18.07
1998.27902,-20.48,99.31,-22.09,-19.03,99.14,-20.63,-18.05
1998.306186,-22,98.78,-22.65,-20.53,98.61,-21.19,-18.28
1998.333352,-23.38,99.1,-23.5,-21.92,98.93,-22.04,-18.77
1998.360518,-25.77,97.55,-24.63,-24.31,97.44,-23.16,-19.55
1998.387685,-22.66,102.13,-25.7,-21.19,102.01,-24.23,-20.33
1998.414851,-27.16,99.48,-26.84,-25.69,99.31,-25.36,-21.28
1998.442017,-28.22,99.93,-27.36,-26.72,99.75,-25.87,-21.75
1998.469183,-29.33,98.02,-27.48,-27.83,97.94,-25.98,-22.02
1998.496349,-26.03,95.62,-27.4,-24.53,95.57,-25.89,-22.29
1998.523515,-26.21,92.47,-27.25,-24.7,92.48,-25.75,-22.74
1998.550681,-28.23,94.09,-26.98,-26.72,94.14,-25.47,-23.25
1998.577848,-25.55,99.46,-26.75,-24.09,99.53,-25.24,-23.99
1998.605014,-26.84,92.35,-25.99,-25.32,92.38,-24.46,-24.31
1998.63218,-27.56,92.21,-25.36,-26.04,92.29,-23.83,-24.84
1998.659346,-24.01,92.96,-24.42,-22.45,93.12,-22.88,-25.04
1998.686512,-22.63,91.54,-23.49,-21.09,91.73,-21.95,-25.18
1998.713678,-21.8,90.78,-22.65,-20.26,90.99,-21.11,-25.25
1998.740845,-22.29,89.54,-22.08,-20.74,89.68,-20.52,-25.35
1998.768011,-20.5,92.64,-21.37,-18.93,92.83,-19.81,-25.09
1998.795177,-21.29,98.2,-21,-19.71,98.39,-19.42,-24.86
1998.822343,-19.48,90.89,-20.96,-17.9,91.12,-19.38,-24.72
1998.849509,-20.52,88.71,-21.27,-18.92,88.85,-19.67,-24.65
1998.876675,-21.3,89.36,-21.88,-19.7,89.39,-20.27,-24.68
1998.903841,-24.54,88.41,-22.37,-22.93,88.34,-20.76,-24.45
1998.931008,-20.44,87.66,-23,-18.81,87.61,-21.38,-24.26
1998.958174,-24.83,86.52,-23.56,-23.2,86.46,-21.94,-23.97
1998.98534,-24.09,86,-24.18,-22.47,85.92,-22.55,-23.77
1999.012506,-26.13,85.77,-24.64,-24.5,85.62,-23,-23.47
1999.039672,-24.22,84.67,-24.86,-22.56,84.44,-23.21,-23.05
1999.066838,-26.08,92.39,-24.66,-24.43,92.12,-22.99,-22.32
1999.094005,-30.01,89.59,-24.01,-28.34,89.32,-22.33,-21.26
1999.121171,-18.87,88.94,-23.24,-17.14,88.72,-21.55,-20.2
1999.148337,-22.32,87.01,-22.54,-20.64,86.74,-20.84,-19.27
1999.175503,-21.1,87.23,-22.18,-19.39,86.92,-20.47,-18.73
1999.202669,-22.75,89.17,-22.09,-21.03,88.85,-20.37,-18.46
1999.229835,-21.29,92.08,-22.23,-19.57,91.68,-20.51,-18.4
1999.257001,-23.31,92.09,-22.34,-21.58,91.68,-20.61,-18.26
1999.284168,-21.7,92.06,-22.61,-19.95,91.77,-20.88,-18.24
1999.311334,-25.54,98.91,-23.03,-23.79,98.64,-21.28,-18.3
1999.3385,-24.17,89.64,-23.53,-22.42,89.35,-21.78,-18.45
1999.365666,-22.26,87.42,-24.07,-20.5,87.18,-22.32,-18.65
1999.392832,-25.03,87.06,-24.59,-23.28,86.8,-22.83,-18.89
1999.419998,-24.97,85.95,-24.98,-23.2,85.75,-23.21,-19.11
1999.447164,-27.77,86.09,-25.11,-26.01,85.89,-23.34,-19.24
1999.474331,-25.2,82.66,-24.75,-23.43,82.46,-22.98,-19.07
1999.501497,-24.32,83.78,-24.47,-22.53,83.65,-22.69,-19.18
1999.528663,-22.86,83.28,-23.89,-21.08,83.23,-22.11,-19.23
1999.555829,-24.12,83.55,-23.24,-22.34,83.5,-21.46,-19.41
1999.582995,-22.83,84.89,-22.45,-21.06,84.95,-20.66,-19.61
1999.610161,-23.12,85.34,-21.36,-21.33,85.45,-19.57,-19.64
1999.637328,-17.92,84.57,-19.84,-16.12,84.75,-18.04,-19.27
1999.664494,-20.11,94.46,-17.98,-18.26,94.67,-16.17,-18.54
1999.69166,-16.96,86.57,-16.15,-15.13,86.79,-14.32,-17.73
1999.718826,-14.16,86.82,-14.68,-12.33,87.1,-12.85,-17.14
1999.745992,-14.24,88.81,-13.86,-12.4,89.14,-12.02,-16.96
1999.773158,-10.57,87.41,-13.01,-8.72,87.73,-11.17,-16.5
1999.800324,-11.84,87.74,-12.75,-10.01,87.95,-10.89,-16.34
1999.827491,-12.79,87.79,-12.93,-10.93,88,-11.06,-16.35
1999.854657,-13.53,88.97,-13.06,-11.65,89.24,-11.18,-16.07
1999.881823,-12.8,87.06,-13.4,-10.89,87.28,-11.52,-15.81
1999.908989,-14.88,86.1,-13.81,-12.98,86.21,-11.91,-15.45
1999.936155,-11.98,90.87,-14.31,-10.12,90.93,-12.4,-15.12
1999.963321,-13.58,85.67,-14.94,-11.65,85.68,-13.02,-14.89
1999.990488,-14.28,85.06,-15.67,-12.37,85.01,-13.75,-14.82
2000.017605,-18,82.52,-16.49,-16.09,82.48,-14.57,-14.92
2000.044697,-16.41,83.7,-17.36,-14.47,83.63,-15.44,-15.17
2000.071789,-17.22,85.95,-18.12,-15.28,85.75,-16.19,-15.44
2000.098881,-20.73,86.4,-18.71,-18.81,86.09,-16.77,-15.65
2000.125973,-22.14,87.03,-19.27,-20.21,86.77,-17.32,-15.92
2000.153065,-18.09,89.06,-19.31,-16.13,88.73,-17.35,-15.75
2000.180157,-18.61,89.12,-19.17,-16.63,88.8,-17.2,-15.43
2000.207249,-19.91,90.2,-19.07,-17.91,89.8,-17.09,-15.15
2000.234341,-16.91,91.36,-19.23,-14.91,91,-17.23,-15.08
2000.261433,-19.83,97.79,-19.75,-17.85,97.45,-17.74,-15.35
2000.288525,-20.91,89.26,-20.52,-18.9,88.92,-18.51,-15.82
2000.315617,-20.29,89.48,-21.31,-18.26,89.2,-19.28,-16.25
2000.342709,-22.52,88.79,-21.98,-20.49,88.44,-19.94,-16.55
2000.369801,-23.17,88.88,-22.44,-21.13,88.63,-20.41,-16.69
2000.396892,-23.06,87.38,-22.92,-21.02,87.25,-20.87,-16.9
2000.423984,-23.07,86.27,-23.1,-21,86.11,-21.05,-16.94
2000.451076,-23.34,84.82,-23.32,-21.29,84.63,-21.27,-17.18
2000.478168,-25.2,85.97,-23.25,-23.17,85.83,-21.19,-17.32
2000.50526,-22.96,84.47,-22.93,-20.91,84.36,-20.88,-17.45
2000.532352,-21.04,85.38,-22.34,-18.97,85.33,-20.28,-17.5
2000.559444,-19.97,90.58,-21.38,-17.93,90.58,-19.32,-17.4
2000.586536,-23.55,84.47,-20.11,-21.48,84.58,-18.04,-17.13
2000.613628,-19.75,83.74,-18.64,-17.69,83.87,-16.57,-16.79
2000.64072,-14.69,85.21,-16.98,-12.62,85.47,-14.9,-16.28
2000.667812,-16.57,86.16,-15.55,-14.5,86.41,-13.47,-15.98
2000.694904,-16.22,88.1,-13.92,-14.12,88.39,-11.83,-15.36
2000.721996,-11,85.6,-12.55,-8.91,86,-10.45,-14.83
2000.749088,-8.37,83.69,-11.02,-6.24,84.15,-8.91,-13.91
2000.776179,-8.34,83.59,-10.14,-6.22,84,-8.02,-13.38
2000.803271,-9.87,85.91,-9.85,-7.75,86.31,-7.72,-13.16
2000.830363,-0.32,92.89,-10.15,1.82,93.45,-8.02,-13.28
2000.857455,-8.87,84.56,-11.1,-6.7,84.98,-8.96,-13.8
2000.884547,-11.51,84.76,-11.89,-9.41,84.98,-9.74,-13.96
2000.911639,-12.74,83.32,-12.88,-10.57,83.43,-10.72,-14.19
2000.938731,-14.84,83.77,-13.74,-12.69,83.78,-11.57,-14.21
2000.965823,-16.17,84.18,-14.41,-13.97,84.15,-12.23,-14.03
2000.992915,-13.63,81.96,-14.82,-11.43,81.92,-12.62,-13.62
2001.020062,-15.94,81.36,-15.32,-13.73,81.32,-13.12,-13.41
2001.047228,-13.38,86.82,-15.65,-11.13,86.74,-13.44,-13.12
2001.074394,-16.65,82.56,-15.8,-14.43,82.31,-13.58,-12.79
2001.10156,-15.51,85.23,-15.69,-13.28,85.04,-13.46,-12.3
2001.128726,-17.86,86.84,-15.37,-15.64,86.59,-13.13,-11.71
2001.155892,-13.99,87.49,-15.02,-11.73,87.21,-12.76,-11.14
2001.183059,-10.8,87.15,-14.78,-8.54,86.93,-12.51,-10.72
2001.210225,-17.76,86.14,-14.8,-15.47,85.68,-12.52,-10.56
2001.237391,-14.29,86.81,-14.76,-12,86.35,-12.47,-10.3
2001.264557,-15.39,87.33,-14.9,-13.09,86.89,-12.61,-10.18
2001.291723,-12.85,85.5,-15.23,-10.56,85.14,-12.93,-10.2
2001.318889,-14.96,85.64,-15.79,-12.65,85.31,-13.49,-10.41
2001.346055,-17.27,84.72,-16.52,-14.95,84.5,-14.21,-10.78
2001.373222,-18.31,82.85,-17.18,-16,82.65,-14.86,-11.11
2001.400388,-18.13,82.3,-17.51,-15.81,82.04,-15.19,-11.19
2001.427554,-18.75,82.25,-17.36,-16.42,82.07,-15.04,-10.92
2001.45472,-19.07,82.5,-16.7,-16.76,82.35,-14.38,-10.31
2001.481886,-15.08,83.01,-15.71,-12.77,82.99,-13.38,-9.56
2001.509052,-13.26,83.02,-14.65,-10.93,83.12,-12.32,-8.97
2001.536218,-11.88,82.44,-13.72,-9.52,82.61,-11.38,-8.71
2001.563385,-15.65,83.57,-12.91,-13.28,83.78,-10.56,-8.78
2001.590551,-10.75,84.45,-12.04,-8.43,84.73,-9.69,-8.95
2001.617717,-12.19,83.33,-10.93,-9.84,83.55,-8.57,-8.96
2001.644883,-11.47,84.97,-9.47,-9.1,85.38,-7.11,-8.67
2001.672049,-8.64,85.66,-7.77,-6.28,86.22,-5.41,-8.09
2001.699215,-3.55,86.76,-6.18,-1.17,87.38,-3.81,-7.49
2001.726382,-2.96,84.89,-5.11,-0.59,85.53,-2.72,-7.21
2001.753548,-1.06,84.73,-4.74,1.33,85.35,-2.35,-7.43
2001.780714,-5.74,84.47,-4.92,-3.33,85.12,-2.52,-7.91
2001.80788,-9.17,87.46,-5.31,-6.76,88.06,-2.9,-8.33
2001.835046,-4.66,86.84,-5.74,-2.24,87.52,-3.31,-8.51
2001.862212,-2.59,86.59,-6.33,-0.16,87.17,-3.89,-8.63
2001.889378,-6.9,84.55,-7.23,-4.46,84.91,-4.78,-8.87
2001.916545,-9.05,83.46,-8.37,-6.59,83.7,-5.91,-9.23
2001.943711,-11.19,82.26,-9.52,-8.72,82.48,-7.06,-9.54
2001.970877,-10.63,83.13,-10.5,-8.15,83.32,-8.03,-9.67
2001.998043,-9.95,84.39,-11.21,-7.48,84.53,-8.74,-9.6
2002.025209,-14.28,83.63,-11.64,-11.8,83.61,-9.17,-9.33
2002.052375,-13.12,81.15,-11.79,-10.65,81.07,-9.3,-8.88
2002.079542,-9.82,82.6,-11.72,-7.36,82.61,-9.23,-8.36
2002.106708,-12.2,81.83,-11.64,-9.68,81.82,-9.14,-7.93
2002.133874,-11.71,82.28,-11.72,-9.2,82.24,-9.21,-7.75
2002.16104,-8.5,80.99,-12.02,-5.96,80.88,-9.5,-7.85
2002.188206,-14.71,81.92,-12.46,-12.19,81.55,-9.93,-8.11
2002.215372,-14.42,81.16,-12.89,-11.88,80.8,-10.34,-8.34
2002.242538,-13,83.18,-13.24,-10.44,82.81,-10.68,-8.46
2002.269705,-10.94,81.95,-13.58,-8.36,81.71,-11.02,-8.54
2002.296871,-15.64,78.82,-13.99,-13.08,78.56,-11.41,-8.61
2002.324037,-14.22,79.93,-14.43,-11.62,79.8,-11.84,-8.7
2002.351203,-15.72,80.08,-14.89,-13.11,79.82,-12.29,-8.8
2002.378369,-14.03,82.81,-15.32,-11.42,82.36,-12.72,-8.91
2002.405535,-14.91,81.42,-15.64,-12.3,81.03,-13.04,-9.01
2002.432702,-18.89,81.43,-15.66,-16.29,80.99,-13.06,-8.94
2002.459868,-17.83,80.25,-15.16,-15.23,79.85,-12.56,-8.52
2002.487034,-13.07,82.81,-14.09,-10.48,82.41,-11.49,-7.74
2002.5142,-13.61,84.1,-12.6,-11,83.87,-10,-6.76
2002.541366,-10.97,84.14,-10.9,-8.35,84.13,-8.29,-5.78
2002.568532,-8.9,85.15,-9.21,-6.29,85.33,-6.59,-4.99
2002.595698,-6.92,83.4,-7.71,-4.32,83.61,-5.09,-4.56
2002.622865,-3.97,86.14,-6.52,-1.35,86.44,-3.9,-4.51
2002.650031,-6.66,88.11,-5.6,-4.03,88.45,-2.97,-4.75
2002.677197,-5.39,92.58,-4.81,-2.76,92.99,-2.17,-5.05
2002.704363,-4.2,92.38,-4,-1.54,92.8,-1.35,-5.2
2002.731529,-2.24,91.64,-3.14,0.42,92.05,-0.47,-5.09
2002.758695,-3.7,91.46,-2.28,-1.02,91.82,0.39,-4.77
2002.785861,-1.13,95.76,-1.6,1.56,96.28,1.08,-4.34
2002.813028,2.86,96.1,-1.32,5.57,96.64,1.37,-4.03
2002.840194,-1.98,95.04,-1.56,0.68,95.36,1.13,-4
2002.86736,-1.46,92.65,-2.28,1.22,92.91,0.42,-4.21
2002.894526,-2.92,91.69,-3.29,-0.21,91.87,-0.57,-4.52
2002.921692,-5.4,91.56,-4.38,-2.66,91.71,-1.65,-4.81
2002.948858,-5.68,91.94,-5.38,-2.92,92.09,-2.64,-4.96
2002.976025,-5.72,90.15,-6.18,-2.97,90.22,-3.44,-4.93
2003.003191,-7.88,89.65,-6.67,-5.14,89.45,-3.92,-4.64
2003.030357,-10.39,90.61,-6.8,-7.62,90.32,-4.04,-4.08
2003.057523,-4.53,87.68,-6.71,-1.8,87.53,-3.96,-3.45
2003.084689,-5.52,87.44,-6.72,-2.74,87.21,-3.96,-3.02
2003.111855,-4.09,86.95,-7.01,-1.34,86.75,-4.24,-2.97
2003.139021,-9.63,88.55,-7.51,-6.85,88.26,-4.73,-3.23
2003.166188,-9.64,89.53,-7.97,-6.84,89.15,-5.18,-3.49
2003.193354,-8.79,90.44,-8.21,-6.01,90.07,-5.41,-3.56
2003.22052,-7.53,88.42,-8.3,-4.71,88.03,-5.48,-3.44
2003.247686,-7.43,86.66,-8.41,-4.6,86.32,-5.59,-3.33
2003.274852,-8.14,85.28,-8.69,-5.31,84.88,-5.85,-3.31
2003.302018,-9.25,86.3,-9.11,-6.41,85.8,-6.26,-3.4
2003.329185,-10.24,85.95,-9.58,-7.37,85.56,-6.73,-3.52
2003.356351,-10.32,84.8,-10.05,-7.45,84.4,-7.18,-3.62
2003.383517,-9.43,85.59,-10.5,-6.55,85.21,-7.62,-3.76
2003.410683,-10.65,83.48,-10.89,-7.76,83.14,-8.01,-3.95
2003.437849,-13.61,83.88,-11.12,-10.73,83.58,-8.24,-4.12
2003.465015,-10.62,82.46,-11.06,-7.74,82.39,-8.18,-4.18
2003.492181,-12.4,83.25,-10.65,-9.51,83.24,-7.76,-4.09
2003.519348,-10.25,84.41,-9.94,-7.36,84.45,-7.05,-3.93
2003.546514,-7.87,85.02,-9.03,-5,85.24,-6.14,-3.79
2003.57368,-9,86.43,-7.99,-6.1,86.61,-5.1,-3.7
2003.600846,-6.48,85.65,-6.81,-3.6,86.05,-3.92,-3.6
2003.628012,-8.24,85.55,-5.46,-5.33,85.93,-2.56,-3.39
2003.655178,-2.27,88.78,-4.02,0.63,89.24,-1.12,-3.11
2003.682345,-1.05,87.13,-2.66,1.84,87.61,0.25,-2.82
2003.709511,-2.08,87.16,-1.49,0.83,87.74,1.42,-2.59
2003.736677,-0.59,88.75,-0.57,2.33,89.39,2.35,-2.39
2003.763843,1.6,89.56,0.05,4.52,90.22,2.98,-2.25
2003.791009,0.22,88.96,0.23,3.16,89.51,3.17,-2.27
2003.818175,3.95,90.58,-0.1,6.9,91.24,2.85,-2.52
2003.845341,-1.21,90.37,-0.86,1.72,90.9,2.12,-2.93
2003.872508,-3.06,87.59,-1.71,-0.12,88.01,1.29,-3.22
2003.899674,-5.96,94.56,-2.35,-2.76,94.7,0.67,-3.14
2003.92684,-1.11,87.15,-2.7,1.89,87.33,0.33,-2.68
2003.954006,-0.81,85.64,-2.89,2.2,85.81,0.14,-2.02
2003.981172,-4.55,85.41,-3.06,-1.52,85.36,-0.02,-1.36
2004.008316,-5.42,85.11,-3.28,-2.39,84.9,-0.24,-0.82
2004.035407,-0.74,87.18,-3.69,2.32,87.2,-0.65,-0.58
2004.062499,-1.5,86.22,-4.41,1.55,86.13,-1.36,-0.76
2004.089591,-5.32,84.05,-5.36,-2.27,83.78,-2.3,-1.29
2004.116683,-11.11,86.05,-6.22,-8.1,85.48,-3.14,-1.83
2004.143775,-7.32,83.24,-6.68,-4.14,82.81,-3.59,-2.05
2004.170867,-5.5,84.9,-6.72,-2.4,84.44,-3.61,-1.9
2004.197959,-7.21,85.88,-6.55,-4.11,85.45,-3.43,-1.55
2004.225051,-5.95,86.62,-6.44,-2.81,86.31,-3.31,-1.24
2004.252143,-5.22,87.55,-6.55,-2.07,86.99,-3.41,-1.11
2004.279235,-6.91,87.76,-7.03,-3.77,87.18,-3.89,-1.3
2004.306327,-5.25,86,-7.91,-2.09,85.39,-4.76,-1.85
2004.333419,-9.67,83.55,-9.04,-6.52,83.11,-5.89,-2.62
2004.360511,-10.99,83.57,-10.14,-7.84,83.06,-6.99,-3.38
2004.387603,-13.9,86.05,-10.87,-10.75,85.53,-7.72,-3.82
2004.414694,-10.79,84.11,-11.03,-7.64,83.77,-7.87,-3.79
2004.441786,-12.46,83.28,-10.57,-9.3,83.02,-7.41,-3.29
2004.468878,-11.74,84.41,-9.66,-8.56,84.2,-6.5,-2.53
2004.49597,-5.98,83.31,-8.58,-2.83,83.28,-5.42,-1.81
2004.523062,-6.15,84.11,-7.58,-2.99,84.07,-4.42,-1.4
2004.550154,-6.97,86.17,-6.69,-3.82,86.2,-3.54,-1.3
2004.577246,-7.89,83.96,-5.75,-4.74,84.09,-2.6,-1.33
2004.604338,-5.75,85.3,-4.58,-2.59,85.58,-1.42,-1.24
2004.63143,-2.24,87.27,-3.17,0.91,87.74,0,-0.98
2004.658522,-1.47,88.21,-1.67,1.72,88.65,1.51,-0.62
2004.685614,-1.09,89.08,-0.32,2.1,89.63,2.86,-0.34
2004.712706,4.54,90.08,0.7,7.73,90.71,3.89,-0.22
2004.739798,0.86,87.65,1.29,4.06,88.29,4.49,-0.32
2004.76689,1.47,89.3,1.47,4.66,90.04,4.68,-0.58
2004.793981,3.23,87.73,1.33,6.48,88.47,4.55,-0.89
2004.821073,0.07,88.42,1.02,3.28,88.92,4.25,-1.1
2004.848165,0.37,88.64,0.65,3.61,89.2,3.9,-1.1
2004.875257,1.15,88.71,0.35,4.41,89.18,3.61,-0.84
2004.902349,-2.47,87.74,0.16,0.83,88.03,3.43,-0.31
2004.929441,1.51,87.15,0,4.78,87.44,3.28,0.35
2004.956533,0.07,87.53,-0.32,3.37,87.74,2.97,0.89
2004.983625,2.82,85.87,-0.88,6.11,86.2,2.42,1.16
2005.010746,-4.05,87.15,-1.55,-0.74,87.18,1.75,1.23
2005.037912,-5.01,86.45,-2.06,-1.72,86.42,1.25,1.37
2005.065079,-1.95,86.25,-2.21,1.39,86.14,1.11,1.75
2005.092245,-1.76,85.16,-2.04,1.56,84.93,1.29,2.33
2005.119411,-1.52,86.3,-1.73,1.82,86.07,1.6,2.94
2005.146577,-2.73,87.43,-1.52,0.62,87.07,1.82,3.38
2005.173743,1.5,90.65,-1.57,4.85,90.33,1.78,3.51
2005.200909,0.28,90.26,-1.92,3.62,89.99,1.44,3.34
2005.228075,-5.77,86.63,-2.45,-2.4,86.29,0.93,3.03
2005.255242,-4.19,84.23,-2.97,-0.81,83.83,0.42,2.75
2005.282408,-0.23,84.53,-3.4,3.19,84.14,0,2.62
2005.309574,-5.28,85.94,-3.76,-1.83,85.64,-0.35,2.61
2005.33674,-4.92,86.1,-4.04,-1.53,85.82,-0.62,2.69
2005.363906,-4.22,85.72,-4.21,-0.8,85.25,-0.8,2.85
2005.391072,-3.7,84.87,-4.27,-0.29,84.44,-0.86,3.07
2005.418239,-4.8,83.79,-4.22,-1.38,83.64,-0.79,3.3
2005.445405,-4.89,83.48,-4.02,-1.46,83.37,-0.59,3.52
2005.472571,-3.54,82.53,-3.67,-0.1,82.48,-0.24,3.69
2005.499737,-4.34,83.68,-3.18,-0.91,83.62,0.26,3.8
2005.526903,-0.76,82.53,-2.62,2.67,82.9,0.82,3.74
2005.554069,-2.99,83.14,-2.01,0.46,83.35,1.43,3.54
2005.581235,-1.87,83.07,-1.29,1.57,83.38,2.15,3.26
2005.608402,-0.78,82.6,-0.36,2.66,83.05,3.09,3.09
2005.635568,-0.15,83.14,0.82,3.28,83.67,4.28,3.12
2005.662734,1.51,84.01,2.18,4.96,84.53,5.65,3.35
2005.6899,4.44,86.09,3.51,7.92,86.73,6.98,3.63
2005.717066,6.87,92.95,4.55,10.37,93.63,8.03,3.79
2005.744232,6.33,84.87,5.17,9.87,85.8,8.66,3.76
2005.771399,5.62,84.06,5.49,9.09,84.72,8.98,3.67
2005.798565,3.71,84.18,5.74,7.2,84.68,9.23,3.78
2005.825731,5.08,86.64,6.09,8.56,87.21,9.58,4.27
2005.852897,8.01,87.9,6.43,11.48,88.57,9.94,5.02
2005.880063,8.3,86.87,6.53,11.83,87.35,10.05,5.72
2005.907229,7.51,84.44,6.17,11.08,84.9,9.72,6.13
2005.934395,5.41,83.59,5.33,8.97,84,8.89,6.12
2005.961562,4.63,84.65,4.1,8.2,84.76,7.66,5.73
2005.988728,4.02,84.95,2.64,7.61,84.95,6.22,5.1
2006.015894,-0.22,82.73,1.18,3.36,82.55,4.76,4.37
2006.04306,-1.89,83.27,-0.06,1.68,83.1,3.53,3.76
2006.070226,-1.37,84.98,-0.94,2.22,84.71,2.65,3.38
2006.097392,-1.55,85.9,-1.47,2.07,85.62,2.14,3.25
2006.124559,-2.85,85.76,-1.75,0.75,85.25,1.86,3.24
2006.151725,-1.52,87.76,-1.98,2.09,87.23,1.66,3.25
2006.178891,0.36,87.94,-2.25,4.02,87.41,1.4,3.16
2006.206057,-5.19,89.35,-2.59,-1.51,88.74,1.07,3.01
2006.233223,-2.7,89.19,-2.96,0.97,88.56,0.71,2.85
2006.260389,-2.49,86.41,-3.32,1.19,85.87,0.36,2.74
2006.287555,-3.51,87,-3.62,0.18,86.36,0.07,2.75
2006.314722,-4.98,86.64,-3.77,-1.27,86.09,-0.08,2.94
2006.341888,-5.34,84.69,-3.73,-1.65,84.27,-0.03,3.35
2006.369054,-3.02,83.91,-3.5,0.65,83.63,0.2,3.91
2006.39622,-1.47,83.9,-3.16,2.26,83.81,0.54,4.51
2006.423386,-3.99,83.79,-2.74,-0.31,83.57,0.95,5.06
2006.450552,-3.37,83.98,-2.19,0.33,83.83,1.51,5.6
2006.477718,-2.33,82.24,-1.45,1.38,82.32,2.25,6.12
2006.504885,0.2,81.95,-0.62,3.89,82.21,3.07,6.51
2006.532051,1.71,82.59,0.11,5.39,82.82,3.8,6.58
2006.559217,0.9,81.89,0.69,4.57,82.31,4.38,6.31
2006.586383,1.27,83.3,1.26,4.96,83.73,4.95,5.86
2006.613549,-0.92,86.05,2.09,2.76,86.41,5.78,5.57
2006.640715,1.77,86.17,3.33,5.47,86.75,7.03,5.65
2006.667882,5.4,89.09,4.83,9.13,89.9,8.54,6.03
2006.695048,8.17,88.49,6.24,11.88,89.37,9.95,6.42
2006.722214,10.45,89.18,7.25,14.16,90.14,10.97,6.59
2006.74938,6.71,89.11,7.85,10.46,90.08,11.57,6.57
2006.776546,6.72,90.04,8.17,10.44,91.02,11.89,6.53
2006.803712,9.74,89.15,8.31,13.49,90.12,12.03,6.59
2006.830878,9.68,90.2,8.17,13.29,91.15,11.9,6.65
2006.885211,8.47,89.49,6.68,12.3,90.04,10.45,6.25
2006.912377,3.5,87.61,5.7,7.28,88.01,9.49,6.05
2006.939543,6.56,87.89,4.78,10.31,88.34,8.59,5.98
2006.966709,3.55,86.47,3.89,7.41,86.75,7.71,5.94
2006.993875,3.16,83.7,2.98,7.01,83.95,6.81,5.84
2007.021042,2.01,82.69,2.13,5.87,82.73,5.98,5.72
2007.048208,0.77,83.7,1.28,4.61,83.54,5.13,5.47
2007.075374,-0.04,86.03,0.71,3.83,85.94,4.57,5.38
2007.10254,-0.93,86.89,0.43,2.92,86.55,4.31,5.48
2007.129706,-0.52,85.82,0.39,3.38,85.37,4.27,5.7
2007.156872,3.13,88.15,0.41,7.04,87.81,4.31,5.94
2007.184038,-0.1,90.13,0.38,3.77,89.78,4.29,6.09
2007.211205,0.02,89.94,0.3,3.93,89.54,4.22,6.19
2007.238371,-1.46,88.28,0.2,2.51,87.86,4.13,6.31
2007.265537,1.67,89.12,0.03,5.63,88.86,3.98,6.42
2007.292703,1.24,86.51,-0.31,5.21,86.11,3.65,6.39
2007.319869,0.25,84.98,-0.84,4.21,84.57,3.12,6.21
2007.347035,-4.66,85.19,-1.41,-0.69,84.74,2.55,5.99
2007.374202,-1.6,85.22,-1.84,2.35,85.03,2.12,5.88
2007.401368,-1.82,83.35,-2.05,2.13,83.26,1.92,5.93
2007.428534,-2.38,83.07,-2.08,1.58,82.89,1.89,6.01
2007.4557,-2.79,81.96,-1.99,1.18,81.78,1.98,6.05
2007.482866,-1.26,83.99,-1.84,2.73,84.06,2.13,5.94
2007.510032,-1.35,84.66,-1.62,2.61,84.79,2.36,5.69
2007.537198,-1.68,82.16,-1.24,2.3,82.45,2.75,5.39
2007.564365,-2.92,81.21,-0.6,1.08,81.44,3.39,5.14
2007.591531,-1.06,83.11,0.27,2.93,83.42,4.26,4.96
2007.618697,5.01,82.8,1.21,8.99,83.31,5.21,4.78
2007.645863,2.07,82.64,2.07,6.09,83.32,6.07,4.47
2007.673029,1.37,84.63,2.86,5.37,85.37,6.87,4.15
2007.700195,2.26,86.17,3.67,6.27,86.95,7.69,3.98
2007.727361,6.47,88.2,4.55,10.5,89.11,8.57,4.05
2007.754528,5.67,88.27,5.42,9.7,89.33,9.45,4.36
2007.781694,5.3,88.25,6.23,9.33,89.15,10.27,4.87
2007.80886,7.91,87.3,6.97,11.94,88.26,11.01,5.59
2007.836026,6.89,85.89,7.59,10.94,86.62,11.64,6.45
2007.863192,8.73,85.74,7.91,12.78,86.27,11.97,7.25
2007.890358,10.86,85.08,7.69,14.95,85.73,11.76,7.69
2007.917525,8.88,83.8,6.81,12.96,84.41,10.89,7.6
2007.944691,6.42,82.56,5.41,10.51,83,9.5,7.05
2007.971857,0.64,81.73,3.92,4.75,81.86,8.01,6.4
2007.999023,0.89,85.62,2.69,4.95,85.5,6.78,5.95
2008.026118,1.81,85.64,1.82,5.95,85.49,5.92,5.78
2008.05321,2.87,85.54,1.19,6.97,85.5,5.29,5.72
2008.080301,0.92,86.08,0.66,5,85.94,4.76,5.64
2008.107393,-2.72,89.45,0.24,1.38,89.07,4.35,5.57
2008.134485,1.06,90.89,0.01,5.18,90.45,4.12,5.59
2008.161577,-1.35,90.98,-0.05,2.77,90.36,4.07,5.73
2008.188669,0.88,91.37,-0.11,5,90.75,4.03,5.85
2008.215761,1.55,89.92,-0.34,5.69,89.37,3.82,5.82
2008.242853,-1.12,90.21,-0.79,3.07,89.56,3.39,5.61
2008.269945,-1.41,89.57,-1.33,2.8,88.91,2.87,5.35
2008.297037,-2.02,89.42,-1.69,2.21,88.97,2.53,5.33
2008.324129,-4.59,88.73,-1.57,-0.32,88.28,2.66,5.8
2008.351221,-3.6,87.57,-0.86,0.63,87.22,3.37,6.86
2008.378313,1.52,85.02,0.25,5.76,85.02,4.49,8.3
2008.405405,3.71,85.59,1.4,7.96,85.6,5.64,9.67
2008.432497,2.76,85.19,2.29,7,85.17,6.53,10.65
2008.459588,3.01,82.61,2.84,7.23,82.68,7.08,11.12
2008.48668,3.49,83.2,3.15,7.72,83.59,7.38,11.13
2008.513772,3.2,82.82,3.38,7.46,83.3,7.62,10.87
2008.540864,2.93,83.78,3.68,7.13,84.42,7.93,10.46
2008.567956,4,85.75,4.15,8.26,86.43,8.41,10.03
2008.595048,3.72,85.31,4.82,8.01,85.83,9.08,9.64
2008.62214,6.02,85.67,5.65,10.27,86.4,9.92,9.34
2008.649232,6.39,86.3,6.57,10.69,87.16,10.85,9.11
2008.676324,8.2,87.03,7.51,12.5,88.09,11.8,8.96
2008.703416,7.73,88.21,8.43,12,89.37,12.72,8.9
2008.730508,9.61,87.92,9.3,13.9,89.09,13.59,8.99
2008.7576,10.28,85.64,10.04,14.59,86.77,14.34,9.2
2008.784692,11.72,87.24,10.58,16.03,88.4,14.88,9.47
2008.811784,12.05,87.22,10.84,16.35,88.43,15.15,9.74
2008.838875,10.27,85.73,10.87,14.58,86.71,15.2,10.05
2008.865967,10.84,86.53,10.73,15.18,87.52,15.07,10.41
2008.893059,9.39,87.23,10.38,13.76,88.16,14.74,10.75
2008.920151,14.05,86.85,9.72,18.45,87.59,14.09,10.88
2008.947243,9.27,85.95,8.73,13.64,86.58,13.1,10.73
2008.974335,4.91,84.04,7.58,9.25,84.26,11.96,10.42
2009.001431,6.14,86.26,6.51,10.53,86.23,10.88,10.12
2009.028597,5.55,86.06,5.63,9.97,85.99,10.01,9.93
2009.055763,5.6,85.2,4.97,9.91,85.26,9.36,9.84
2009.082929,3.56,84.99,4.53,7.94,84.84,8.93,9.85
2009.110096,2.53,85.93,4.35,6.99,85.64,8.76,10.01
2009.137262,4.54,86.06,4.44,8.98,85.76,8.87,10.36
2009.164428,4.86,86.63,4.69,9.3,86.41,9.14,10.81
2009.191594,5.14,86.57,4.95,9.62,86.36,9.41,11.25
2009.21876,6.22,85.9,5.06,10.7,85.63,9.53,11.55
2009.245926,5.19,86.27,4.97,9.67,85.86,9.45,11.7
2009.273092,4.89,86.66,4.72,9.38,86.3,9.2,11.72
2009.300259,4.08,85.42,4.39,8.58,85.18,8.88,11.72
2009.327425,3.64,84.39,4.05,8.14,84.13,8.55,11.74
2009.354591,4.48,85.1,3.74,8.95,85.18,8.25,11.79
2009.381757,3.27,83.55,3.53,7.8,83.65,8.04,11.88
2009.408923,1.81,82.3,3.44,6.35,82.39,7.96,12.01
2009.436089,3.54,82.23,3.52,8.05,82.6,8.04,12.16
2009.463256,4.92,80.5,3.77,9.45,80.86,8.3,12.32
2009.490422,3.27,78.71,4.25,7.82,79.24,8.79,12.49
2009.517588,2.22,79.88,5.07,6.75,80.46,9.61,12.77
2009.544754,5.42,80.54,6.25,9.97,81.21,10.79,13.2
2009.57192,10.18,82.11,7.67,14.72,82.85,12.21,13.68
2009.599086,8.63,83.32,9.19,13.18,84.41,13.73,14.12
2009.626252,9.53,85.54,10.78,14.08,86.87,15.32,14.56
2009.653419,11.83,85.83,12.45,16.39,87.19,17,15.08
2009.680585,14.59,86.69,14.14,19.1,87.99,18.69,15.68
2009.707751,17.65,87.76,15.65,22.22,89.3,20.21,16.25
2009.734917,17.7,88.45,16.84,22.27,89.97,21.4,16.7
2009.762083,17.44,87.66,17.66,22.01,89.29,22.22,17.02
2009.789249,18.47,87.01,18.12,23.01,88.52,22.69,17.26
2009.816415,19.67,88.37,18.2,24.25,89.99,22.79,17.41
2009.843582,20.06,91.17,17.88,24.65,92.58,22.47,17.39
2009.870748,15.64,88.86,17.18,20.26,89.97,21.79,17.24
2009.897914,17.67,90.26,16.21,22.3,91.5,20.83,16.97
2009.92508,15.63,89.48,15.1,20.23,90.52,19.73,16.67
2009.952246,11.45,87.64,13.93,16.12,88.55,18.58,16.36
2009.979412,15.09,89.16,12.73,19.74,90.13,17.39,16
2010.006579,11.23,88.55,11.51,15.91,89.14,16.19,15.56
2010.033745,10.38,87.33,10.4,15.07,87.58,15.08,15.11
2010.060911,8.2,86,9.64,12.89,86.14,14.33,14.9
2010.088077,5.19,86.04,9.42,9.87,85.99,14.13,15.12
2010.115243,9.25,87.92,9.68,13.97,87.93,14.4,15.7
2010.142409,12.89,88.65,10,17.63,88.78,14.74,16.27
2010.169575,14.6,90.5,9.96,19.36,90.69,14.71,16.42
2010.196742,7.21,87.55,9.5,11.96,87.35,14.27,16.15
2010.223908,7.54,86.71,8.9,12.32,86.59,13.67,15.73
2010.251074,7.19,87.79,8.45,11.98,87.67,13.24,15.53
2010.27824,8.92,86.17,8.27,13.73,85.99,13.07,15.65
2010.305406,8.77,85.05,8.3,13.55,84.76,13.1,16
2010.332572,7.32,85.12,8.47,12.14,84.89,13.28,16.54
2010.359739,7.53,85.4,8.78,12.37,85.41,13.6,17.2
2010.386905,10.66,85.22,9.18,15.48,85.34,13.99,17.88
2010.414071,9.61,83.76,9.54,14.42,83.98,14.35,18.43
2010.441237,9.8,86.01,9.79,14.59,86.51,14.6,18.72
2010.468403,10.67,85.65,9.91,15.49,86.13,14.71,18.68
2010.495569,10.14,84.42,9.92,14.95,84.91,14.72,18.33
2010.522735,8.78,83.6,9.9,13.57,84.29,14.7,17.73
2010.549902,10.38,82.87,9.9,15.16,83.6,14.69,16.93
2010.577068,10.36,83.26,9.94,15.15,84,14.74,16.02
2010.604234,8.9,86.16,10.06,13.7,87.31,14.86,15.04
2010.6314,11.04,86.86,10.31,15.84,88.09,15.11,14.13
2010.658566,8.7,87.89,10.72,13.53,89.15,15.53,13.4
2010.685732,11.73,89.54,11.29,16.54,90.88,16.1,12.9
2010.712899,12.74,90.88,11.93,17.53,92.39,16.75,12.64
2010.740065,12.45,90.39,12.55,17.31,91.65,17.38,12.56
2010.767231,11.95,92.52,13.06,16.76,93.65,17.89,12.62
2010.794397,15.68,92.75,13.3,20.54,94.09,18.14,12.7
2010.821563,14.68,92.79,13.12,19.54,93.86,17.98,12.63
2010.848729,12.95,92.88,12.48,17.78,93.74,17.35,12.35
2010.875895,12.75,89.99,11.48,17.65,91.02,16.36,11.93
2010.903062,8.63,90.85,10.35,13.53,91.49,15.25,11.54
2010.930228,8.75,90.95,9.32,13.67,91.34,14.24,11.34
2010.957394,7.62,89.7,8.48,12.59,89.86,13.41,11.35
2010.98456,9.18,92.02,7.77,14.09,92.15,12.71,11.47
2011.011726,6.53,92.2,7.11,11.5,92.2,12.06,11.57
2011.038892,6.19,94.3,6.48,11.15,94.34,11.42,11.56
2011.066059,6.1,93.24,5.88,11.07,92.95,10.83,11.49
2011.093225,4.95,92,5.34,9.89,91.63,10.3,11.36
2011.120391,4.48,91.88,4.85,9.33,91.49,9.82,11.17
2011.147557,4.86,92.16,4.37,9.87,91.87,9.35,10.91
2011.174723,4.21,93.03,3.84,9.27,92.8,8.84,10.58
2011.201889,4.33,92.92,3.31,9.35,92.46,8.33,10.24
2011.229055,-0.29,93.86,2.87,4.75,93.13,7.91,10.01
2011.256222,3.09,93.23,2.6,8.15,92.67,7.65,9.99
2011.283388,3.56,93.29,2.48,8.6,92.82,7.54,10.17
2011.310554,2.32,92.85,2.53,7.39,92.4,7.6,10.57
2011.33772,-0.27,90.01,2.78,4.81,89.59,7.86,11.18
2011.364886,4.22,88.28,3.27,9.31,87.99,8.35,12.01
2011.392052,4.76,86.06,3.94,9.85,85.92,9.03,12.96
2011.419218,2.97,85.82,4.7,8.07,85.81,9.78,13.88
2011.446385,5.82,83.86,5.42,10.89,84.07,10.5,14.61
2011.473551,8.61,83.93,6.02,13.66,84.38,11.1,15.02
2011.500717,5.87,83.15,6.55,10.97,83.52,11.62,15.14
2011.527883,5.72,81.63,7.2,10.77,82.03,12.27,15.17
2011.555049,6.08,82.5,8.2,11.15,83.34,13.28,15.35
2011.582215,8.61,84.08,9.62,13.69,84.97,14.7,15.78
2011.609382,12.57,84.91,11.25,17.64,85.94,16.33,16.29
2011.636548,13.73,87.28,12.79,18.81,88.55,17.87,16.67
2011.663714,15.82,88.41,14.02,20.92,89.84,19.1,16.76
2011.69088,15.06,90.42,14.98,20.14,91.86,20.06,16.67
2011.718046,13.8,89.26,15.81,18.88,90.63,20.9,16.63
2011.745212,16.52,89.87,16.55,21.64,91.17,21.65,16.73
2011.772378,19.1,90.38,17.05,24.15,91.91,22.15,16.83
2011.799545,20.83,91.82,17.09,25.96,93.52,22.2,16.75
2011.826711,16.16,91.09,16.71,21.23,92.48,21.83,16.53
2011.853877,13.74,90.37,16.18,18.9,91.61,21.32,16.42
2011.881043,14.59,87.34,15.77,19.77,88.36,20.93,16.62
2011.908209,17.44,88.11,15.55,22.64,89.16,20.73,17.16
2011.935375,14.98,86.14,15.45,20.15,87.3,20.64,17.9
2011.962542,15.12,86.26,15.42,20.34,87.14,20.62,18.72
2011.989708,14.29,87.68,15.44,19.49,88.3,20.65,19.56
2012.016828,16.81,84.36,15.49,22.03,84.97,20.7,20.34
2012.04392,15.05,83.88,15.49,20.26,84.31,20.71,20.96
2012.071012,16.7,86,15.36,21.94,86.23,20.59,21.33
2012.098104,14.4,86.22,15.06,19.61,86.53,20.29,21.41
2012.125195,15.73,88.02,14.64,20.99,88.11,19.87,21.26
2012.152287,14.1,88.06,14.18,19.37,88.03,19.42,21.02
2012.179379,12.13,89.58,13.82,17.34,89.54,19.06,20.83
2012.206471,13.25,90.93,13.62,18.46,90.82,18.87,20.81
2012.233563,14.44,89.42,13.56,19.71,89.37,18.83,20.97
2012.260655,13.1,90.11,13.56,18.4,90.09,18.85,21.24
2012.287747,13.61,89.24,13.58,18.93,89.28,18.89,21.58
2012.314839,13.8,89.73,13.59,19.15,89.85,18.91,21.93
2012.341931,13.52,89.64,13.6,18.84,89.83,18.93,22.31
2012.369023,14.05,88.01,13.72,19.39,88.55,19.05,22.76
2012.396115,12,85.14,14.02,17.34,85.63,19.36,23.33
2012.423207,13.52,85.56,14.58,18.87,86.11,19.91,24.02
2012.450299,17.42,85.68,15.37,22.76,86.41,20.71,24.8
2012.477391,15,84.8,16.37,20.31,85.8,21.7,25.58
2012.504482,15.53,84.64,17.56,20.89,85.68,22.89,26.34
2012.531574,19.53,85.46,18.85,24.85,86.83,24.18,26.98
2012.558666,22.18,86.45,20.05,27.52,87.97,25.38,27.33
2012.585758,21.5,87.59,21.06,26.78,89.24,26.38,27.32
2012.61285,22.34,88.56,21.92,27.69,90.48,27.24,27.06
2012.639942,19.66,89.09,22.84,24.98,91.07,28.18,26.83
2012.667034,24.87,90.24,23.99,30.22,92.36,29.33,26.85
2012.694126,24.13,88.59,25.31,29.46,90.66,30.66,27.16
2012.721218,28.37,89.61,26.57,33.74,91.75,31.93,27.57
2012.74831,28.6,91.6,27.52,33.99,93.83,32.87,27.89
2012.775402,29.93,89.9,28,35.27,92.16,33.36,28.01
2012.802494,28.07,88.91,28.05,33.4,91.04,33.43,27.99
2012.829586,27.34,88.36,27.83,32.74,90.54,33.22,27.95
2012.856677,27.96,87.26,27.48,33.35,89.22,32.89,28.04
2012.883769,27.06,86.27,27.09,32.48,88.07,32.52,28.28
2012.910861,25.77,84.91,26.68,31.24,86.62,32.12,28.63
2012.937953,28.34,84.91,26.19,33.84,86.48,31.66,29
2012.965045,24.41,85.52,25.64,29.86,86.77,31.11,29.29
2012.992137,25.67,85.78,25.04,31.16,86.95,30.53,29.51
2013.019282,23.94,84.82,24.47,29.44,85.74,29.96,29.66
2013.046448,23.05,86.71,23.96,28.56,87.5,29.47,29.77
2013.073614,24.7,86.32,23.52,30.2,87.18,29.04,29.82
2013.10078,22.95,85.21,23.16,28.49,86.1,28.68,29.83
2013.127946,21.38,85.99,22.86,26.91,86.35,28.4,29.81
2013.155113,22.99,88.55,22.62,28.53,88.86,28.17,29.78
2013.182279,23.56,89.62,22.35,29.1,90.03,27.92,29.71
2013.209445,21.78,90.06,21.96,27.39,90.49,27.55,29.51
2013.236611,21.8,87.83,21.41,27.32,88.39,27.02,29.18
2013.263777,21.96,90.7,20.76,27.71,91.03,26.37,28.79
2013.290943,17.64,88.35,20.07,23.26,88.56,25.69,28.41
2013.318109,20.09,91.06,19.37,25.71,91.51,25,28.07
2013.345276,20.22,92.21,18.64,25.79,92.84,24.26,27.68
2013.372442,17.68,90.72,17.86,23.33,91.17,23.49,27.23
2013.399608,15.85,89.57,17.17,21.53,89.87,22.79,26.78
2013.426774,15.83,88.11,16.71,21.46,88.49,22.34,26.46
2013.45394,15.42,86.16,16.61,21.02,86.84,22.23,26.31
2013.481106,17.53,84.56,16.87,23.12,85.49,22.49,26.32
2013.508272,15.66,84.81,17.46,21.29,86.03,23.07,26.44
2013.535439,17.45,84.38,18.24,23.05,85.72,23.85,26.54
2013.562605,20.83,86.11,19.06,26.44,87.58,24.68,26.49
2013.589771,21.74,85.31,19.81,27.37,87.1,25.44,26.22
2013.616937,17.81,86.09,20.56,23.45,87.82,26.18,25.82
2013.644103,20.71,86.13,21.44,26.36,88.11,27.06,25.54
2013.671269,22.31,85.85,22.53,27.83,87.99,28.16,25.51
2013.698436,24.26,87.78,23.75,29.97,89.87,29.38,25.73
2013.725602,25.46,89.99,24.94,31.1,91.96,30.58,26.11
2013.752768,26.45,91.65,25.98,32.1,93.77,31.62,26.56
2013.779934,26.5,90.78,26.8,32.14,93.05,32.44,27.06
2013.8071,28.78,89.77,27.3,34.39,92.01,32.95,27.52
2013.834266,28.86,90.74,27.41,34.5,93.16,33.07,27.86
2013.861432,27.4,88.02,27.06,33.07,90.17,32.74,27.98
2013.888599,27.36,87.47,26.32,33.07,89.53,32.02,27.91
2013.915765,26.59,87.55,25.36,32.34,89.49,31.07,27.73
2013.942931,21.36,85.76,24.41,27.07,87.48,30.13,27.62
2013.970097,23.09,86.97,23.67,28.8,88.48,29.39,27.72
2013.997263,24.15,86.05,23.17,29.83,87.31,28.9,28.02
2014.024429,22.15,85.52,22.88,27.9,86.62,28.61,28.43
2014.051596,22.75,85.88,22.77,28.54,86.94,28.51,28.91
2014.078762,21.48,87.41,22.85,27.2,88.29,28.6,29.46
2014.105928,22.35,87.68,23.11,28.12,88.48,28.87,30.07
2014.133094,24.91,88.3,23.41,30.68,89.04,29.17,30.63
2014.16026,24.51,90.21,23.57,30.23,90.91,29.33,30.98
2014.187426,23.59,89.24,23.48,29.36,89.87,29.25,31.07
2014.214592,23.17,89.66,23.1,28.98,90.29,28.9,30.89
2014.241759,23.77,88.79,22.45,29.54,89.57,28.27,30.48
2014.268925,22.11,87.09,21.58,27.97,87.75,27.42,29.89
2014.296091,20.52,86.6,20.59,26.38,87.33,26.45,29.24
2014.323257,18.32,87.45,19.68,24.26,88.47,25.55,28.68
2014.350423,18.46,86.6,19.02,24.31,87.6,24.91,28.39
2014.377589,17.51,87.22,18.72,23.42,88.04,24.62,28.42
2014.404756,18.85,86.06,18.82,24.77,87.01,24.71,28.74
2014.431922,18.06,85.82,19.31,23.94,86.75,25.2,29.32
2014.459088,18.96,83.64,20.16,24.86,85.08,26.05,30.1
2014.486254,20.97,83.72,21.29,26.87,85.46,27.17,30.93
2014.51342,23.58,83.48,22.54,29.46,85.45,28.41,31.67
2014.540586,24.65,84.05,23.79,30.5,85.92,29.66,32.2
2014.567752,22.99,85.54,25,28.86,87.57,30.87,32.49
2014.594919,27.2,87.02,26.18,33.01,89.37,32.04,32.61
2014.622085,27.89,87.79,27.26,33.77,90.41,33.13,32.55
2014.649251,28.7,88.9,28.21,34.6,91.63,34.09,32.35
2014.676417,28.94,90.28,29.04,34.82,93.11,34.92,32.07
2014.703583,30.31,92.75,29.84,36.21,95.59,35.73,31.91
2014.730749,28.58,91.69,30.67,34.48,94.47,36.57,31.97
2014.757915,31.46,91.6,31.44,37.35,94.33,37.35,32.21
2014.785082,35.62,93.58,31.91,41.51,96.44,37.83,32.42
2014.812248,33.98,92.17,31.86,39.94,95.04,37.79,32.38
2014.839414,30.52,92.72,31.37,36.48,95.35,37.33,32.19
2014.86658,30.52,93.12,30.81,36.46,95.68,36.78,32.13
2014.893746,27.14,90.87,30.48,33.15,93.27,36.47,32.49
2014.920912,28.74,88.91,30.43,34.76,91.51,36.44,33.25
2014.948079,36.08,91.73,30.39,42.03,94.08,36.4,34.05
2014.975245,31.34,90.27,30.11,37.46,92.35,36.14,34.63
2015.002411,26.1,88.92,29.71,32.17,90.57,35.75,35.01
2015.029577,28.64,90.52,29.49,34.61,92.21,35.53,35.47
2015.056743,28.65,88.82,29.65,34.68,90.45,35.68,36.18
2015.083909,30.55,91.44,30.11,36.6,93.14,36.14,37.07
2015.111075,30.25,92.57,30.62,36.29,93.99,36.65,37.91
2015.138242,33.58,93.36,30.94,39.57,95.1,36.96,38.46
2015.165408,31.58,91.41,30.97,37.58,93.02,37.01,38.69
2015.192574,29.65,93.31,30.82,35.66,94.79,36.87,38.72
2015.21974,29.92,94.59,30.61,36.05,96.05,36.69,38.72
2015.246906,31.18,94.76,30.43,37.28,96.23,36.53,38.78
2015.274072,30.19,95.04,30.2,36.32,96.36,36.32,38.85
2015.301239,30.78,95.22,29.84,36.87,96.68,35.98,38.83
2015.328405,30.35,93.7,29.41,36.55,95.24,35.56,38.76
2015.355571,27.41,93.85,29.11,33.62,95.48,35.27,38.82
2015.382737,26.19,94.21,29.19,32.33,95.83,35.35,39.2
2015.409903,29.73,95.36,29.75,35.88,97,35.91,39.97
2015.437069,30.58,95.99,30.7,36.74,97.54,36.85,40.97
2015.464235,32.13,95.48,31.83,38.25,97.49,37.98,41.99
2015.491402,33.52,96.92,32.99,39.67,99.28,39.14,42.82
2015.518568,33.25,97.78,34.13,39.43,100.3,40.29,43.43
2015.545734,35.78,97.56,35.27,41.94,100.25,41.44,43.82
2015.5729,36.43,101.76,36.47,42.61,104.49,42.65,44.08
2015.600066,37.58,103.78,37.8,43.79,106.85,43.98,44.33
2015.627232,36.53,103.94,39.26,42.7,106.89,45.44,44.64
2015.654399,43.2,106.19,40.76,49.4,109.5,46.95,44.99
2015.681565,43.35,109.83,42.16,49.53,113.1,48.35,45.31
2015.708731,42.93,107.54,43.35,49.12,110.75,49.54,45.55
2015.735897,44.27,109.91,44.32,50.47,113.13,50.52,45.79
2015.763063,45.57,113.82,45.05,51.75,117.12,51.25,46.03
2015.790229,46.47,114.25,45.42,52.68,117.46,51.63,46.2
2015.817395,48.42,115.32,45.34,54.61,118.57,51.56,46.18
2015.844562,44.61,113.94,44.82,50.87,116.93,51.05,45.99
2015.871728,41.85,112.08,43.99,48.06,115.02,50.23,45.7
2015.898894,45.3,112.71,42.96,51.58,115.54,49.21,45.38
2015.92606,42.9,111.07,41.76,49.15,113.87,48.03,45
2015.953226,39.71,108,40.55,46,110.36,46.82,44.63
2015.980392,38.14,107.22,39.58,44.41,109.52,45.86,44.5
2016.007538,35.56,104.74,39.06,41.83,106.8,45.35,44.75
2016.03463,39.4,106.99,38.98,45.74,109.05,45.28,45.33
2016.061722,41.9,106.35,39.12,48.24,108.39,45.42,46.01
2016.088814,37.47,103.46,39.24,43.71,105.48,45.56,46.56
2016.115906,40.01,101.54,39.28,46.33,103.56,45.6,46.91
2016.142997,39.23,101.66,39.24,45.58,103.75,45.58,47.11
2016.170089,39.39,102.8,39.13,45.79,104.73,45.49,47.2
2016.197181,37.82,102.98,38.9,44.18,104.52,45.27,47.15
2016.224273,41.53,103.03,38.42,47.88,104.65,44.79,46.86
2016.251365,37.81,102.11,37.59,44.16,103.6,43.98,46.28
2016.278457,37.16,101.07,36.48,43.59,102.73,42.89,45.47
2016.305549,34.32,98.47,35.3,40.78,100.28,41.73,44.63
2016.332641,33.45,98.17,34.34,39.92,99.98,40.79,44.05
2016.359733,31.97,97.46,33.86,38.44,99.25,40.32,43.92
2016.386825,31.72,97.47,33.91,38.2,99.36,40.38,44.27
2016.413917,35.32,98.8,34.35,41.73,100.5,40.82,44.9
2016.441009,35.33,97.6,34.9,41.83,99.57,41.37,45.49
2016.468101,36.79,97.27,35.27,43.31,99.59,41.75,45.72
2016.495193,35.73,96.77,35.37,42.18,99.16,41.84,45.46
2016.522284,35.12,94.34,35.25,41.59,96.9,41.72,44.76
2016.549376,35.46,93.28,35.09,41.92,96.22,41.56,43.82
2016.576468,33.8,93.53,35.15,40.27,96.33,41.61,42.91
2016.60356,33.79,93.55,35.64,40.27,96.44,42.11,42.32
2016.630652,34,94.48,36.64,40.45,97.32,43.11,42.16
2016.657744,39.34,95.93,37.91,45.82,99.32,44.38,42.28
2016.684836,41.43,95.96,39.08,47.9,99.4,45.55,42.38
2016.711928,41.84,95.05,39.93,48.31,98.62,46.41,42.32
2016.73902,39.32,95.13,40.53,45.78,98.67,47.01,42.21
2016.766112,38.7,96.3,41.13,45.19,99.69,47.62,42.36
2016.793204,42.33,97.09,41.88,48.8,100.58,48.38,42.94
2016.820296,43.62,95.91,42.69,50.16,99.6,49.21,43.85
2016.847388,43.68,96.83,43.31,50.19,100.23,49.84,44.82
2016.87448,44.86,95.63,43.46,51.43,98.8,50.01,45.54
2016.901571,46.29,95.08,43,52.9,98.17,49.56,45.8
2016.928663,42.17,91.38,41.98,48.75,94.21,48.53,45.58
2016.955755,39.61,90.04,40.6,46.09,92.86,47.16,45.05
2016.982847,39.14,89.49,39.14,45.67,92.07,45.7,44.41
2017.009966,36.94,87.24,37.77,43.54,89.6,44.34,43.8
2017.037133,37.17,88.36,36.55,43.79,90.4,43.14,43.25
2017.064299,34.8,87.91,35.56,41.36,89.71,42.15,42.78
2017.091465,33.46,87.36,34.87,40.08,88.98,41.48,42.51
2017.118631,33.39,90.07,34.57,40.01,91.75,41.2,42.53
2017.145797,34.51,88.39,34.66,41.16,90.14,41.3,42.85
2017.172963,34.47,90.15,35.04,41.14,91.61,41.68,43.41
2017.200129,35.41,92.77,35.53,42.05,94.19,42.17,44.07
2017.227296,36.92,94.69,35.93,43.54,96.08,42.58,44.67
2017.254462,37.43,94.12,36.07,44.05,95.79,42.74,45.07
2017.281628,36.33,92.26,35.86,43.04,94.05,42.55,45.16
2017.308794,36.19,92.45,35.35,42.91,94.38,42.05,45
2017.33596,34.24,90.3,34.69,40.95,92.15,41.4,44.7
2017.363126,33.97,88.81,34.11,40.72,90.8,40.83,44.47
2017.390293,31,87.59,33.81,37.73,89.54,40.53,44.45
2017.417459,34.07,90.13,33.84,40.75,92.06,40.56,44.65
2017.444625,34.58,89.4,34.14,41.33,91.53,40.86,44.97
2017.471791,34.4,88.39,34.64,41.12,91.07,41.36,45.3
2017.498957,34.61,89.22,35.33,41.34,92.21,42.06,45.61
2017.526123,34.9,88.93,36.29,41.65,91.98,43.02,45.97
2017.553289,36.68,89.33,37.52,43.4,92.13,44.24,46.37
2017.580456,40.44,92.28,38.91,47.13,95.6,45.63,46.77
2017.607622,40.01,91.87,40.36,46.75,95.34,47.08,47.12
2017.634788,41.14,93.94,41.79,47.85,97.43,48.51,47.38
2017.661954,43.46,94.59,43.09,50.16,98.26,49.82,47.55
2017.68912,45.78,96.16,44.17,52.52,100,50.89,47.57
2017.716286,46.71,96.92,44.94,53.44,100.76,51.67,47.45
2017.743453,44.28,95.89,45.49,51.02,99.58,52.23,47.34
2017.770619,45.1,98.01,45.99,51.85,101.69,52.74,47.43
2017.797785,46.45,99.31,46.54,53.22,102.88,53.3,47.85
2017.824951,47.48,99.04,47.07,54.25,102.45,53.84,48.53
2017.852117,49.4,97.01,47.42,56.12,100.53,54.21,49.27
2017.879283,46.92,95.39,47.44,53.72,98.82,54.24,49.89
2017.906449,48.52,97.55,47.03,55.37,100.79,53.86,50.24
2017.933616,47.42,97.48,46.17,54.3,100.66,53.02,50.22
2017.960782,46.57,96.54,44.95,53.45,99.48,51.8,49.85
2017.987948,42.12,92.97,43.6,48.99,95.77,50.46,49.32
2018.015114,40.36,91.86,42.44,47.22,94.57,49.3,48.89
2018.04228,40.66,90.92,41.64,47.49,93.59,48.5,48.72
2018.069446,41.07,91.85,41.13,47.98,94.22,48,48.72
2018.096613,42.6,94.98,40.74,49.44,97.39,47.6,48.7
2018.123779,40.38,93.98,40.32,47.22,96.22,47.2,48.58
2018.150945,37.59,91.87,39.87,44.48,93.83,46.76,48.35
2018.178111,40.42,93.9,39.38,47.31,95.61,46.3,48.06
2018.205277,40.66,94.17,38.81,47.62,95.76,45.76,47.69
2018.232443,38.3,92.05,38.18,45.32,93.86,45.16,47.29
2018.259609,34.95,91.24,37.65,41.97,92.97,44.65,47.03
2018.286776,36.81,91.33,37.38,43.81,93.11,44.39,47.06
2018.313942,37.15,90.25,37.38,44.17,92.04,44.39,47.4
2018.341108,38.54,89.05,37.51,45.56,90.99,44.52,47.89
2018.368274,37.89,88.63,37.64,44.9,90.87,44.65,48.35
2018.39544,36.59,87.6,37.7,43.6,89.87,44.72,48.68
2018.422606,38.91,89.03,37.73,45.94,91.28,44.75,48.86
2018.449772,38.28,88.67,37.81,45.29,91.01,44.83,48.92
2018.476939,35.99,87.43,38.1,43.07,90.11,45.12,49
2018.504105,36.43,87.32,38.74,43.42,90.32,45.74,49.19
2018.531271,40.54,90.76,39.69,47.53,93.6,46.69,49.5
2018.558437,42.09,93.25,40.82,49.07,96.36,47.81,49.77
2018.585603,41.29,93.42,42.05,48.23,96.72,49.03,49.97
2018.612769,42.6,97,43.39,49.61,100.63,50.38,50.2
2018.639936,43.55,96.05,44.93,50.55,99.92,51.93,50.58
2018.667102,46.81,97.17,46.62,53.81,101.15,53.63,51.15
2018.694268,50.19,102.89,48.29,57.19,106.99,55.3,51.79
2018.721434,49,101.59,49.5,56.02,105.69,56.52,52.16
2018.7486,53.03,104.54,50.27,60.04,108.6,57.29,52.3
2018.775766,51.79,105.02,50.71,58.83,108.94,57.73,52.38
2018.802932,52.34,104.61,50.94,59.38,108.34,57.97,52.53
2018.830099,53.79,106.18,51.06,60.83,109.99,58.09,52.83
2018.857265,50.47,105.22,51.12,57.5,108.93,58.15,53.31